run,graph,n,m,k,time_ms,edge_cut,imbalance,max_part_weight,optimal_part_weight
Multilevel,data.mtx,2851,30186,2,48,251,0.000350754,1426,1425.5
Multilevel,data.mtx,2851,30186,4,115,523,0.00175377,714,712.75
Multilevel,data.mtx,2851,30186,8,186,834,0.0578744,377,356.375
Multilevel,data.mtx,2851,30186,16,268,1234,0.0943529,195,178.188
Multilevel,data.mtx,2851,30186,32,365,2016,0.189758,106,89.0938
Multilevel,data.mtx,2851,30186,64,441,3124,0.257103,56,44.5469
Multilevel,data.mtx,2851,30186,128,520,4637,0.661172,37,22.2734
Multilevel,data.mtx,2851,30186,256,621,6835,0.616275,18,11.1367
Multilevel,fe_4elt2.mtx,11143,65636,2,88,130,8.97424e-05,5572,5571.5
Multilevel,fe_4elt2.mtx,11143,65636,4,181,356,0.000448712,2787,2785.75
Multilevel,fe_4elt2.mtx,11143,65636,8,283,651,0.000807682,1394,1392.88
Multilevel,fe_4elt2.mtx,11143,65636,16,483,1128,0.0180382,709,696.438
Multilevel,fe_4elt2.mtx,11143,65636,32,591,1800,0.0367047,361,348.219
Multilevel,fe_4elt2.mtx,11143,65636,64,810,2761,0.108499,193,174.109
Multilevel,fe_4elt2.mtx,11143,65636,128,957,4106,0.171677,102,87.0547
Multilevel,fe_4elt2.mtx,11143,65636,256,1104,5954,0.217625,53,43.5273
Multilevel,fe_tooth.mtx,78136,905182,2,1357,4236,0,39068,39068
Multilevel,fe_tooth.mtx,78136,905182,4,2689,7714,5.11928e-05,19535,19534
Multilevel,fe_tooth.mtx,78136,905182,8,4138,13865,0.000102386,9768,9767
Multilevel,fe_tooth.mtx,78136,905182,16,5677,21185,0.000102386,4884,4883.5
Multilevel,fe_tooth.mtx,78136,905182,32,7146,29892,0.000511928,2443,2441.75
Multilevel,fe_tooth.mtx,78136,905182,64,8941,40814,0.00092147,1222,1220.88
Multilevel,fe_tooth.mtx,78136,905182,128,11106,53869,0.0123887,618,610.438
Multilevel,fe_tooth.mtx,78136,905182,256,13994,72386,0.045152,319,305.219
Multilevel,wing.mtx,62032,243088,2,810,1018,0,31016,31016
Multilevel,wing.mtx,62032,243088,4,1468,1935,0,15508,15508
Multilevel,wing.mtx,62032,243088,8,2154,3028,0.000128966,7755,7754
Multilevel,wing.mtx,62032,243088,16,2892,4566,0.000257931,3878,3877
Multilevel,wing.mtx,62032,243088,32,3393,6775,0.000773794,1940,1938.5
Multilevel,wing.mtx,62032,243088,64,4144,9285,0.00180552,971,969.25
Multilevel,wing.mtx,62032,243088,128,4830,12130,0.0502966,509,484.625
Multilevel,wing.mtx,62032,243088,256,5478,16758,0.0688677,259,242.312
Multilevel,auto.mtx,448695,6629222,2,18102,10775,2.22869e-06,224348,224348
Multilevel,auto.mtx,448695,6629222,4,33093,30217,2.22869e-06,112174,112174
Multilevel,auto.mtx,448695,6629222,8,46923,52423,2.00582e-05,56088,56086.9
Multilevel,auto.mtx,448695,6629222,16,62601,86189,2.00582e-05,28044,28043.4
Multilevel,auto.mtx,448695,6629222,32,74359,133962,9.13761e-05,14023,14021.7
Multilevel,auto.mtx,448695,6629222,64,87403,196046,0.000162694,7012,7010.86
Multilevel,auto.mtx,448695,6629222,128,94790,267576,0.000447966,3507,3505.43
Multilevel,auto.mtx,448695,6629222,256,111102,362666,0.000733237,1754,1752.71
Multilevel,m14b.mtx,214765,3358036,2,6694,3961,4.65625e-06,107383,107382
Multilevel,m14b.mtx,214765,3358036,4,12986,13950,1.39688e-05,53692,53691.2
Multilevel,m14b.mtx,214765,3358036,8,19723,28668,1.39688e-05,26846,26845.6
Multilevel,m14b.mtx,214765,3358036,16,23805,47972,8.84688e-05,13424,13422.8
Multilevel,m14b.mtx,214765,3358036,32,32165,75068,8.84688e-05,6712,6711.41
Multilevel,m14b.mtx,214765,3358036,64,36307,109293,0.000386469,3357,3355.7
Multilevel,m14b.mtx,214765,3358036,128,44363,154404,0.0239285,1718,1677.85
Multilevel,m14b.mtx,214765,3358036,256,51589,212445,0.0251205,860,838.926
Multilevel,fe_sphere.mtx,16386,98304,2,143,458,0,8193,8193
Multilevel,fe_sphere.mtx,16386,98304,4,279,1003,0.000122055,4097,4096.5
Multilevel,fe_sphere.mtx,16386,98304,8,412,1424,0.000366166,2049,2048.25
Multilevel,fe_sphere.mtx,16386,98304,16,587,2025,0.00183083,1026,1024.12
Multilevel,fe_sphere.mtx,16386,98304,32,705,2955,0.0194068,522,512.062
Multilevel,fe_sphere.mtx,16386,98304,64,933,4112,0.0545588,270,256.031
Multilevel,fe_sphere.mtx,16386,98304,128,1142,5836,0.10924,142,128.016
Multilevel,fe_sphere.mtx,16386,98304,256,1354,8214,0.171732,75,64.0078
Multilevel,fe_rotor.mtx,99617,1324862,2,2002,2168,1.00384e-05,49809,49808.5
Multilevel,fe_rotor.mtx,99617,1324862,4,4322,8540,3.01153e-05,24905,24904.2
Multilevel,fe_rotor.mtx,99617,1324862,8,6423,14421,7.02691e-05,12453,12452.1
Multilevel,fe_rotor.mtx,99617,1324862,16,8686,23385,0.000150577,6227,6226.06
Multilevel,fe_rotor.mtx,99617,1324862,32,11679,37107,0.000311192,3114,3113.03
Multilevel,fe_rotor.mtx,99617,1324862,64,14498,53425,0.000953652,1558,1556.52
Multilevel,fe_rotor.mtx,99617,1324862,128,17608,73843,0.0163727,791,778.258
Multilevel,fe_rotor.mtx,99617,1324862,256,21245,103172,0.0484957,408,389.129
Multilevel,cs4.mtx,22499,87716,2,272,408,4.44464e-05,11250,11249.5
Multilevel,cs4.mtx,22499,87716,4,489,1116,4.44464e-05,5625,5624.75
Multilevel,cs4.mtx,22499,87716,8,687,1798,0.000577803,2814,2812.38
Multilevel,cs4.mtx,22499,87716,16,916,2526,0.000577803,1407,1406.19
Multilevel,cs4.mtx,22499,87716,32,1211,3486,0.0140895,713,703.094
Multilevel,cs4.mtx,22499,87716,64,1538,4725,0.0240455,360,351.547
Multilevel,cs4.mtx,22499,87716,128,1781,6495,0.0923152,192,175.773
Multilevel,cs4.mtx,22499,87716,256,1968,8581,0.149207,101,87.8867
Multilevel,t60k.mtx,60005,178880,2,274,119,4.99958e-05,30004,30002.5
Multilevel,t60k.mtx,60005,178880,4,579,272,0.00511624,15078,15001.2
Multilevel,t60k.mtx,60005,178880,8,915,568,0.000183318,7502,7500.62
Multilevel,t60k.mtx,60005,178880,16,1251,1025,0.0145821,3805,3750.31
Multilevel,t60k.mtx,60005,178880,32,1608,1643,0.0212482,1915,1875.16
Multilevel,t60k.mtx,60005,178880,64,1952,2551,0.00578285,943,937.578
Multilevel,t60k.mtx,60005,178880,128,2529,3748,0.0537789,494,468.789
Multilevel,t60k.mtx,60005,178880,256,2975,6078,0.928373,452,234.395
Multilevel,144.mtx,144649,2148786,2,5086,6832,6.91329e-06,72325,72324.5
Multilevel,144.mtx,144649,2148786,4,8798,17827,2.07399e-05,36163,36162.2
Multilevel,144.mtx,144649,2148786,8,13523,28229,4.8393e-05,18082,18081.1
Multilevel,144.mtx,144649,2148786,16,17316,44378,0.000159006,9042,9040.56
Multilevel,144.mtx,144649,2148786,32,21976,63644,0.000159006,4521,4520.28
Multilevel,144.mtx,144649,2148786,64,25644,89600,0.000380231,2261,2260.14
Multilevel,144.mtx,144649,2148786,128,31668,120451,0.00170758,1132,1130.07
Multilevel,144.mtx,144649,2148786,256,33804,162052,0.0264848,580,565.035
Multilevel,598a.mtx,110971,1483868,2,3442,2490,9.01136e-06,55486,55485.5
Multilevel,598a.mtx,110971,1483868,4,6229,8355,4.50568e-05,27744,27742.8
Multilevel,598a.mtx,110971,1483868,8,9683,17927,4.50568e-05,13872,13871.4
Multilevel,598a.mtx,110971,1483868,16,11873,30024,0.000189239,6937,6935.69
Multilevel,598a.mtx,110971,1483868,32,14742,44810,0.00033342,3469,3467.84
Multilevel,598a.mtx,110971,1483868,64,18066,65187,0.000621784,1735,1733.92
Multilevel,598a.mtx,110971,1483868,128,21255,87678,0.0173469,882,866.961
Multilevel,598a.mtx,110971,1483868,256,26033,119095,0.0265745,445,433.48
Multilevel,cti.mtx,16840,96464,2,218,407,0.000118765,8421,8420
Multilevel,cti.mtx,16840,96464,4,420,1083,0.00023753,4211,4210
Multilevel,cti.mtx,16840,96464,8,649,1996,0.000475059,2106,2105
Multilevel,cti.mtx,16840,96464,16,900,3155,0.00142518,1054,1052.5
Multilevel,cti.mtx,16840,96464,32,1199,4616,0.00332542,528,526.25
Multilevel,cti.mtx,16840,96464,64,1432,6334,0.0489311,276,263.125
Multilevel,cti.mtx,16840,96464,128,1696,8482,0.0945368,144,131.562
Multilevel,cti.mtx,16840,96464,256,1993,11452,0.170546,77,65.7812
Multilevel,wing_nodal.mtx,10937,150976,2,326,1748,9.14328e-05,5469,5468.5
Multilevel,wing_nodal.mtx,10937,150976,4,642,4121,0.000274298,2735,2734.25
Multilevel,wing_nodal.mtx,10937,150976,8,1031,6188,0.000640029,1368,1367.12
Multilevel,wing_nodal.mtx,10937,150976,16,1444,9113,0.00210295,685,683.562
Multilevel,wing_nodal.mtx,10937,150976,32,1811,13255,0.00356588,343,341.781
Multilevel,wing_nodal.mtx,10937,150976,64,2247,17759,0.0708604,183,170.891
Multilevel,wing_nodal.mtx,10937,150976,128,2868,23199,0.111822,95,85.4453
Multilevel,wing_nodal.mtx,10937,150976,256,3257,29895,0.170339,50,42.7227
Multilevel,add32.mtx,4960,37848,2,36,74,0.0459677,2594,2480
Multilevel,add32.mtx,4960,37848,4,81,102,0.105645,1371,1240
Multilevel,add32.mtx,4960,37848,8,131,220,0.170968,726,620
Multilevel,add32.mtx,4960,37848,16,189,376,0.222581,379,310
Multilevel,add32.mtx,4960,37848,32,335,670,0.645161,255,155
Multilevel,add32.mtx,4960,37848,64,492,1368,0.767742,137,77.5
Multilevel,add32.mtx,4960,37848,128,648,2600,0.6,62,38.75
Multilevel,add32.mtx,4960,37848,256,765,3994,0.703226,33,19.375
Multilevel,fe_ocean.mtx,143437,819186,2,1384,483,6.9717e-06,71719,71718.5
Multilevel,fe_ocean.mtx,143437,819186,4,3425,2202,2.09151e-05,35860,35859.2
Multilevel,fe_ocean.mtx,143437,819186,8,5045,5125,2.09151e-05,17930,17929.6
Multilevel,fe_ocean.mtx,143437,819186,16,7025,9223,0.000132462,8966,8964.81
Multilevel,fe_ocean.mtx,143437,819186,32,8359,15281,0.00704839,4514,4482.41
Multilevel,fe_ocean.mtx,143437,819186,64,10459,23411,0.000801746,2243,2241.2
Multilevel,fe_ocean.mtx,143437,819186,128,12684,33023,0.0431897,1169,1120.6
Multilevel,fe_ocean.mtx,143437,819186,256,14732,44389,0.022665,573,560.301
Multilevel,uk.mtx,4824,13674,2,32,29,0.0348259,2496,2412
Multilevel,uk.mtx,4824,13674,4,65,65,0.0439469,1259,1206
Multilevel,uk.mtx,4824,13674,8,103,109,0.0696517,645,603
Multilevel,uk.mtx,4824,13674,16,144,211,0.0978441,331,301.5
Multilevel,uk.mtx,4824,13674,32,184,320,0.140962,172,150.75
Multilevel,uk.mtx,4824,13674,64,217,518,0.711443,129,75.375
Multilevel,uk.mtx,4824,13674,128,251,809,0.645108,62,37.6875
Multilevel,uk.mtx,4824,13674,256,293,1211,0.645108,31,18.8438
Multilevel,fe_body.mtx,45087,327468,2,418,420,2.21793e-05,22544,22543.5
Multilevel,fe_body.mtx,45087,327468,4,701,845,0.135582,12800,11271.8
Multilevel,fe_body.mtx,45087,327468,8,1184,1460,0.0754319,6061,5635.88
Multilevel,fe_body.mtx,45087,327468,16,1706,2583,0.163262,3278,2817.94
Multilevel,fe_body.mtx,45087,327468,32,2338,3968,0.505356,2121,1408.97
Multilevel,fe_body.mtx,45087,327468,64,3032,5868,0.801317,1269,704.484
Multilevel,fe_body.mtx,45087,327468,128,3888,9344,0.805576,636,352.242
Multilevel,fe_body.mtx,45087,327468,256,4954,14508,0.669306,294,176.121
Multilevel,add20.mtx,2395,29848,2,74,1574,0.000417537,1198,1197.5
Multilevel,add20.mtx,2395,29848,4,138,2692,0.000417537,599,598.75
Multilevel,add20.mtx,2395,29848,8,191,3760,0.0321503,309,299.375
Multilevel,add20.mtx,2395,29848,16,335,4874,0.102296,165,149.688
Multilevel,add20.mtx,2395,29848,32,488,5810,0.202505,90,74.8438
Multilevel,add20.mtx,2395,29848,64,553,6840,0.656785,62,37.4219
Multilevel,add20.mtx,2395,29848,128,619,7862,0.549896,29,18.7109
Multilevel,add20.mtx,2395,29848,256,666,9224,0.60334,15,9.35547
